centro deportivo;min;address;distrito
Instalación Deportiva  Básica Embalse de San Juan;5844.28327726585;Calle Conde Duque nº 22;CALLE EMBALSE DE SAN JUAN 1
Instalación Deportiva  Básica Embalse de San Juan;5844.28327726585;Plaza de Alonso Martínez nº 5;CALLE EMBALSE DE SAN JUAN 1
Instalación Deportiva Básica Camino de la Suerte;3343.315431974936;Puerta del Sol nº 1;CAMINO SUERTE 25
Instalación Deportiva Básica Circuito de Automodelismo;3186.7645289067063;Calle Hortaleza nº 63;CALLE NAVAMURES 2
Instalación Deportiva Básica Circuito de Automodelismo;3186.7645289067063;Puerta del Sol nº 1;CALLE NAVAMURES 2
Instalación Deportiva Básica Colonia Vilda;3400.1257320163745;Calle Miguel Moya nº 1;CALLE PUENTELARRA 1 c/v Avda. Sta. Eugenia
Instalación Deportiva Básica Nuestra Señora de la Torre;3193.071550549118;Calle Hortaleza nº 75;TRAVESIA PUERTO DE REINOSA 2
Instalación Deportiva Básica P.A.R. Castrillo de Aza;3296.252708233026;Plaza del Conde del Valle de Súchil nº 3;AVENIDA SANTA EUGENIA 1
Instalación Deportiva Básica Parkour;4111.677402346201;Calle Miguel Moya nº 1;AVENIDA LA GAVIA 39
Instalación Deportiva Básica Parque Santa Eugenia;3604.6839902428223;Calle Hortaleza nº 63;CALLE ZAZUAR 12
Instalación Deportiva Básica Parque Villa de Vallecas;3238.308259795694;Puerta del Sol nº 1;CALLE PUERTO DE PORZUNA 50
Instalación Deportiva Básica Parque Villa de Vallecas;3238.308259795694;Plaza de San Miguel nº 9;CALLE PUERTO DE PORZUNA 50
Instalación Deportiva Básica Parque de Enrique Herreros;95.0460812329797;Calle Fuencarral nº 108;CALLE BRAVO MURILLO 49
Instalación Deportiva Básica Parque del Cementerio;3150.325458843253;Calle Conde Duque nº 22;CALLE MONTES DE BARBANZA 15
Instalación Deportiva Básica Parque del Cementerio;3150.325458843253;Puerta del Sol nº 1;CALLE MONTES DE BARBANZA 15
Instalación Deportiva Básica Peñaranda de Bracamonte;4389.001389073907;Calle Miguel Moya nº 1;CALLE PEÑARANDA DE BRACAMONTE 4
Instalación Deportiva Básica Peñaranda de Bracamonte;4389.001389073907;Calle Fuencarral nº 108;CALLE PEÑARANDA DE BRACAMONTE 4
Instalación Deportiva Básica Peñaranda de Bracamonte;4389.001389073907;Puerta del Sol nº 1;CALLE PEÑARANDA DE BRACAMONTE 4
Instalación Deportiva Básica Peñaranda de Bracamonte;4389.001389073907;Calle Hortaleza nº 63;CALLE PEÑARANDA DE BRACAMONTE 4
Instalación Deportiva Básica Poza de la Sal;4244.750554289277;Plaza del Conde del Valle de Súchil nº 3;CALLE POZA DE LA SAL 2
Instalación Deportiva Básica Poza de la Sal;4244.750554289277;Plaza de San Miguel nº 9;CALLE POZA DE LA SAL 2
Instalación Deportiva Básica Puentelarra;3419.4136948737882;Calle Fuencarral nº 108;CALLE PUENTELARRA 12
Instalación Deportiva Básica Rocódromo;3882.914968521874;Calle Hortaleza nº 63;AVENIDA LA GAVIA 4 c/v Avenida Cerro Milano
Instalación Deportiva Básica Santa Eugenia;4327.890423737843;Calle Hortaleza nº 63;CALLE CERRO DE ALMODOVAR 11
Instalación Deportiva Básica Stela Maris;4389.001389073907;Plaza del Conde del Valle de Súchil nº 3;CALLE PEÑARANDA DE BRACAMONTE 4
Instalación Deportiva Municipal Básica Acuario;6572.397533494083;Calle Hortaleza nº 75;CALLE MISTRAL 1
Instalación Deportiva Municipal Básica Acuario;6572.397533494083;Calle Hortaleza nº 63;CALLE MISTRAL 1
Instalación Deportiva Municipal Básica Alameda de Osuna I;6115.159739153279;Calle San Andrés nº 18;CALLE BALANDRO 1
Instalación Deportiva Municipal Básica Albaicín;2324.8981567740393;Calle Miguel Moya nº 1;CALLE ALBAICIN 19 Orcasur
Instalación Deportiva Municipal Básica Albaicín;2324.8981567740393;Calle Hortaleza nº 63;CALLE ALBAICIN 19 Orcasur
Instalación Deportiva Municipal Básica Albaida;2344.516581969323;Plaza de San Miguel nº 9;CALLE ALBAIDA S/N Parque de San Blas
Instalación Deportiva Municipal Básica Alfonso XIII;856.0248837832777;Calle Hortaleza nº 63;AVENIDA ALFONSO XIII c/v SANTA MARÍA MAGDALENA, 2 136 c/v Santa María Magdalena, 2
Instalación Deportiva Municipal Básica Alfonso XIII;856.0248837832777;Calle Hortaleza nº 75;AVENIDA ALFONSO XIII c/v SANTA MARÍA MAGDALENA, 2 136 c/v Santa María Magdalena, 2
Instalación Deportiva Municipal Básica Alicún;2663.502914122107;Puerta del Sol nº 1;CALLE ALICUN 24
Instalación Deportiva Municipal Básica Aliseda;3750.7864633788895;Plaza de San Miguel nº 9;CALLE ALISEDA c/v Real Betis
Instalación Deportiva Municipal Básica Ambulatorio (El Paraiso);1769.2978355961354;Puerta del Sol nº 1;CALLE AJOFRIN s/n
Instalación Deportiva Municipal Básica Americio;3772.38000341587;Calle Hortaleza nº 63;CALLE AMERICIO s/n
Instalación Deportiva Municipal Básica Americio;3772.38000341587;Calle Hortaleza nº 75;CALLE AMERICIO s/n
Instalación Deportiva Municipal Básica Americio;3772.38000341587;Puerta del Sol nº 1;CALLE AMERICIO s/n
Instalación Deportiva Municipal Básica Anfevi;701.219741728267;Calle Miguel Moya nº 1;CALLE HACIENDA DE PAVONES 127 Posterior
Instalación Deportiva Municipal Básica Anfevi;701.219741728267;Calle Hortaleza nº 63;CALLE HACIENDA DE PAVONES 127 Posterior
Instalación Deportiva Municipal Básica Antonio Pirala;86.5690300370367;Calle Hortaleza nº 75;CALLE ANTONIO PIRALA s/n
Instalación Deportiva Municipal Básica Antonio Pirala;86.5690300370367;Plaza del Conde del Valle de Súchil nº 3;CALLE ANTONIO PIRALA s/n
Instalación Deportiva Municipal Básica Arcos de Jalón;2859.471643199631;Puerta del Sol nº 1;CALLE ARCOS DE JALON s/n c/v Albericia
Instalación Deportiva Municipal Básica Arequipa;3013.7213155305176;Plaza de Alonso Martínez nº 5;CALLE AREQUIPA 12
Instalación Deportiva Municipal Básica Arriaga;548.7709148438468;Calle Marqués de la Ensenada nº 16;AVENIDA DAROCA 95
Instalación Deportiva Municipal Básica Arriaga;548.7709148438468;Plaza de Alonso Martínez nº 5;AVENIDA DAROCA 95
Instalación Deportiva Municipal Básica Arroyo Fontarrón;574.017692493737;Puerta del Sol nº 1;CALLE ARROYO FONTARRON 381
Instalación Deportiva Municipal Básica Aster - Lirios;1030.7719668877364;Calle San Andrés nº 18;AVENIDA ALFONSO XIII (posterior) 126 Posterior
Instalación Deportiva Municipal Básica Aster - Lirios;1030.7719668877364;Calle Manuela Malasaña nº 5;AVENIDA ALFONSO XIII (posterior) 126 Posterior
Instalación Deportiva Municipal Básica Aster - Lirios;1030.7719668877364;Plaza de Alonso Martínez nº 5;AVENIDA ALFONSO XIII (posterior) 126 Posterior
Instalación Deportiva Municipal Básica Aster - Lirios;1030.7719668877364;Calle Hortaleza nº 75;AVENIDA ALFONSO XIII (posterior) 126 Posterior
Instalación Deportiva Municipal Básica Auditorio de Moratalaz;302.83898999878824;Calle Fuencarral nº 108;CALLE HACIENDA DE PAVONES 209
Instalación Deportiva Municipal Básica Avenida Moratalaz M-30;589.3359507559766;Calle Fuencarral nº 108;CALLE RAMON ARECES 1 frente Avda. Moratalaz, 13
Instalación Deportiva Municipal Básica Avenida Moratalaz M-30;589.3359507559766;Calle Hortaleza nº 63;CALLE RAMON ARECES 1 frente Avda. Moratalaz, 13
Instalación Deportiva Municipal Básica Avenida de Brasil;149.06159380430884;Calle San Bernardo nº 85;AVENIDA BRASIL 19 c/v C/ General Yagüe
Instalación Deportiva Municipal Básica Ayacucho;3281.5219253029272;Calle Miguel Moya nº 1;CALLE NEVADO DEL RUIZ 2
Instalación Deportiva Municipal Básica Ayacucho;3281.5219253029272;Puerta del Sol nº 1;CALLE NEVADO DEL RUIZ 2
Instalación Deportiva Municipal Básica Ayacucho;3281.5219253029272;Calle Hortaleza nº 75;CALLE NEVADO DEL RUIZ 2
Instalación Deportiva Municipal Básica Bacares (Rocódromo);2414.221350782869;Calle Hortaleza nº 63;CALLE BACARES 9
Instalación Deportiva Municipal Básica Bacares (Rocódromo);2414.221350782869;Calle San Bernardo nº 85;CALLE BACARES 9
Instalación Deportiva Municipal Básica Bacares (fútbol);2333.2058322829503;Puerta del Sol nº 1;CALLE BACARES 27
Instalación Deportiva Municipal Básica Bahía de Santander II;6552.593747799649;Calle Miguel Moya nº 1;CALLE BAHIA DE SANTANDER 64
Instalación Deportiva Municipal Básica Barrio El Querol - Spartac de Manoteras;2910.4012168560184;Calle Miguel Moya nº 1;CALLE TIJOLA 1
Instalación Deportiva Municipal Básica Barrio IV;269.03928722660726;Calle Miguel Moya nº 1;CALLE LUIS DE HOYOS SAINZ 150
Instalación Deportiva Municipal Básica Barrio IV;269.03928722660726;Puerta del Sol nº 1;CALLE LUIS DE HOYOS SAINZ 150
Instalación Deportiva Municipal Básica Barrio de Las Cárcavas;4449.882477040815;Calle Hortaleza nº 75;CAMINO MONTORO 4
Instalación Deportiva Municipal Básica Barrio de Las Cárcavas;4449.882477040815;Calle Fuencarral nº 108;CAMINO MONTORO 4
Instalación Deportiva Municipal Básica Barrio de Las Cárcavas- Aurora Redondo;4412.321319476952;Plaza del Conde del Valle de Súchil nº 3;CALLE RAFAELA APARICIO 3
Instalación Deportiva Municipal Básica Barrio de Santa Ana - Andrés Navarrete;1648.2414667735493;Puerta del Sol nº 1;CALLE HOSPITALET DE LLOBREGAT 11
Instalación Deportiva Municipal Básica Barrio del Aeropuerto;6748.986561427557;Plaza de Alonso Martínez nº 5;CALLE MEDINA DE POMAR 14
Instalación Deportiva Municipal Básica Barrio del Aeropuerto;6748.986561427557;Puerta del Sol nº 1;CALLE MEDINA DE POMAR 14
Instalación Deportiva Municipal Básica Boston;134.8586375815037;Calle Marqués de la Ensenada nº 16;CALLE BOSTON 1
Instalación Deportiva Municipal Básica Boston;134.8586375815037;Calle Hortaleza nº 63;CALLE BOSTON 1
Instalación Deportiva Municipal Básica Brujas;712.4201277129629;Calle Hortaleza nº 75;CALLE BRUJAS 32 esquina C/ Hacienda de Pavones
Instalación Deportiva Municipal Básica Brunete;8823.964144662968;Puerta del Sol nº 1;CALLE BRUNETE 1
Instalación Deportiva Municipal Básica Burgo de Osma;1888.6439712403967;Puerta del Sol nº 1;CALLE BURGO DE OSMA 5
Instalación Deportiva Municipal Básica Burgo de Osma;1888.6439712403967;Calle Miguel Moya nº 1;CALLE BURGO DE OSMA 5
Instalación Deportiva Municipal Básica Burgo de Osma;1888.6439712403967;Calle Conde Duque nº 22;CALLE BURGO DE OSMA 5
Instalación Deportiva Municipal Básica Burgos;1043.0054114697346;Puerta del Sol nº 1;AVENIDA BURGOS 18B 
Instalación Deportiva Municipal Básica Burgos;1043.0054114697346;Puerta del Sol nº 1;AVENIDA BURGOS 18B 
Instalación Deportiva Municipal Básica C.P. Aragón;1056.9551160090264;Puerta del Sol nº 1;CALLE ANTONIO MAIRENA 23
Instalación Deportiva Municipal Básica C.P. Aragón;1056.9551160090264;Puerta del Sol nº 1;CALLE ANTONIO MAIRENA 23
Instalación Deportiva Municipal Básica Caleruega;1542.5779116106803;Calle Manuela Malasaña nº 5;CALLE CALERUEGA 52
Instalación Deportiva Municipal Básica Camino Viejo de Leganés;2513.86178228657;Plaza del Conde del Valle de Súchil nº 3;CALLE CAMINO VIEJO DE LEGANES S/N Carrero Juan Ramón
Instalación Deportiva Municipal Básica Campo de Fútbol San Martín de Porres;1175.6189529786657;Calle Conde Duque nº 22;PASEO ERMITA DEL SANTO S/N Parque de San Isidro
Instalación Deportiva Municipal Básica Campo de fútbol de la A. D. Orcasitas;2761.6661880870147;Puerta del Sol nº 1;AVENIDA RAFAELA YBARRA 119
Instalación Deportiva Municipal Básica Campo de fútbol de la A. D. Orcasitas;2761.6661880870147;Puerta del Sol nº 1;AVENIDA RAFAELA YBARRA 119
Instalación Deportiva Municipal Básica Campo de fútbol de la A. D. Orcasitas;2761.6661880870147;Calle Marqués de la Ensenada nº 16;AVENIDA RAFAELA YBARRA 119
Instalación Deportiva Municipal Básica Canal de Panamá;444.09952224145115;Puerta del Sol nº 1;CALLE CANAL DE PANAMA S/N
Instalación Deportiva Municipal Básica Canal de Panamá;444.09952224145115;Puerta del Sol nº 1;CALLE CANAL DE PANAMA S/N
Instalación Deportiva Municipal Básica Canal de Panamá;444.09952224145115;Puerta del Sol nº 1;CALLE CANAL DE PANAMA S/N
Instalación Deportiva Municipal Básica Canillas - Club Deportivo Canillas;2765.158911280538;Calle Hortaleza nº 75;CALLE AGUSTIN DE ITURBIDE 1
Instalación Deportiva Municipal Básica Canillas - Club Deportivo Canillas;2765.158911280538;Calle Hortaleza nº 75;CALLE AGUSTIN DE ITURBIDE 1
Instalación Deportiva Municipal Básica Carlos II;3728.7433196488996;Calle Marqués de la Ensenada nº 16;CALLE CARLOS II 4 con Austria, 5
Instalación Deportiva Municipal Básica Carlos II;3728.7433196488996;Calle Hortaleza nº 75;CALLE CARLOS II 4 con Austria, 5
Instalación Deportiva Municipal Básica Carlos II;3728.7433196488996;Calle Fuencarral nº 108;CALLE CARLOS II 4 con Austria, 5
Instalación Deportiva Municipal Básica Carlos II;3728.7433196488996;Calle Hortaleza nº 75;CALLE CARLOS II 4 con Austria, 5
Instalación Deportiva Municipal Básica Carmen Amaya;655.7445248384389;Calle Manuela Malasaña nº 5;AVENIDA DOCTOR GARCIA TAPIA 28-30
Instalación Deportiva Municipal Básica Caronte;591.6997148227344;Calle Miguel Moya nº 1;CALLE CARONTE 4
Instalación Deportiva Municipal Básica Caronte;591.6997148227344;Plaza del Conde del Valle de Súchil nº 3;CALLE CARONTE 4
Instalación Deportiva Municipal Básica Carril del Conde;1706.4155679867608;Calle San Andrés nº 18;CALLE CARRIL DEL CONDE C/V CALLE DEL PUERTO REAL, 7 
Instalación Deportiva Municipal Básica Carrión de los Condes;2495.2094288703615;Calle Manuela Malasaña nº 5;PLAZA TEMPLARIOS 4
Instalación Deportiva Municipal Básica Casa Campo;1016.00752124864;Calle Manuela Malasaña nº 5;PARQUE CASA DE CAMPO s/n Explanada de la Casa de Campo
Instalación Deportiva Municipal Básica Casa Campo;1016.00752124864;Puerta del Sol nº 1;PARQUE CASA DE CAMPO s/n Explanada de la Casa de Campo
Instalación Deportiva Municipal Básica Casa Campo II Teleférico;1330.1853816585322;Calle Hortaleza nº 63;PARQUE CASA DE CAMPO s/n Subida al teleférico-Pza. Casón
Instalación Deportiva Municipal Básica Casalarreina;2478.5189398184743;Puerta del Sol nº 1;CALLE CASALARREINA 28
Instalación Deportiva Municipal Básica Casalarreina;2478.5189398184743;Puerta del Sol nº 1;CALLE CASALARREINA 28
Instalación Deportiva Municipal Básica Castroserna;2444.743243568387;Puerta del Sol nº 1;CALLE CASTROSERNA 2
Instalación Deportiva Municipal Básica Cementerio Civil;1347.9372417386387;Plaza de San Miguel nº 9;AVENIDA DAROCA 101
Instalación Deportiva Municipal Básica Cerro Cabezuelos;2201.9763870616166;Calle Hortaleza nº 75;CALLE VILLALOBOS 46
Instalación Deportiva Municipal Básica Cerro Negro;301.14784598028746;Puerta del Sol nº 1;CALLE CERRO NEGRO 5
Instalación Deportiva Municipal Básica Circuito de Footing Casa de Campo;912.2617135640905;Calle San Bernardo nº 85;PARQUE CASA DE CAMPO 
Instalación Deportiva Municipal Básica Ciudad Pegaso I;5646.303469740342;Calle San Andrés nº 18;CALLE UNO S/N
Instalación Deportiva Municipal Básica Ciudad Pegaso III;5501.966235756108;Plaza del Conde del Valle de Súchil nº 3;CALLE ONCE S/N
Instalación Deportiva Municipal Básica Clara del Rey;302.21212312146656;Plaza de Alonso Martínez nº 5;CALLE CLARA DEL REY 61
Instalación Deportiva Municipal Básica Club de Petanca Esperanza de Canilllas;1888.0867584758885;Puerta del Sol nº 1;CALLE SILVANO 63 c/v Andorra
Instalación Deportiva Municipal Básica Club de Petanca Esperanza de Canilllas;1888.0867584758885;Calle Hortaleza nº 75;CALLE SILVANO 63 c/v Andorra
Instalación Deportiva Municipal Básica Club de Petanca Esperanza de Canilllas;1888.0867584758885;Puerta del Sol nº 1;CALLE SILVANO 63 c/v Andorra
Instalación Deportiva Municipal Básica Club de Petanca Peonias;3472.952081469751;Calle Hortaleza nº 75;CALLE PEONIAS 2
Instalación Deportiva Municipal Básica Club de Petanca Peonias;3472.952081469751;Calle Hortaleza nº 63;CALLE PEONIAS 2
Instalación Deportiva Municipal Básica Club de Petanca Peonias;3472.952081469751;Plaza del Conde del Valle de Súchil nº 3;CALLE PEONIAS 2
Instalación Deportiva Municipal Básica Cocheras (Ciudad Lineal);472.4895220853613;Calle Hortaleza nº 63;INST. DEPORTIVA BASICA PARQUE SAN LAMBERTO 
Instalación Deportiva Municipal Básica Colonia Euskalduna;3827.5168564899463;Calle Miguel Moya nº 1;CALLE HERMANDAD DE DONANTES DE SANGRE 7
Instalación Deportiva Municipal Básica Colonia Euskalduna;3827.5168564899463;Calle Miguel Moya nº 1;CALLE HERMANDAD DE DONANTES DE SANGRE 7
Instalación Deportiva Municipal Básica Colonia San Cristóbal de Los Ángeles;5362.703902557646;Puerta del Sol nº 1;CALLE ROCAFORT s/n Detrás de E. I. Los Pinos.
Instalación Deportiva Municipal Básica Colonia San Cristóbal de Los Ángeles;5362.703902557646;Calle Manuela Malasaña nº 5;CALLE ROCAFORT s/n Detrás de E. I. Los Pinos.
Instalación Deportiva Municipal Básica Colonia Sierra del Valle;742.7733706539993;Calle Miguel Moya nº 1;CALLE PAYASO FOFO 9
Instalación Deportiva Municipal Básica Colonia Sierra del Valle;742.7733706539993;Puerta del Sol nº 1;CALLE PAYASO FOFO 9
Instalación Deportiva Municipal Básica Concejal Gabriel Fernández (Parque Cuña Verde);2922.3185174951864;Puerta del Sol nº 1;CALLE CUART DE POBLET 6 c/v Duquesa de Parcent
Instalación Deportiva Municipal Básica Concejal Gabriel Fernández (Parque Cuña Verde);2922.3185174951864;Calle Hortaleza nº 75;CALLE CUART DE POBLET 6 c/v Duquesa de Parcent
Instalación Deportiva Municipal Básica Concejal Gabriel Fernández (Parque Cuña Verde);2922.3185174951864;Calle Duque de Liria;CALLE CUART DE POBLET 6 c/v Duquesa de Parcent
Instalación Deportiva Municipal Básica Conde Duque;175.77470643118144;Calle Fuencarral nº 108;CALLE SANTA CRUZ DE MARCENADO 21
Instalación Deportiva Municipal Básica Conde Duque;175.77470643118144;Calle Fuencarral nº 108;CALLE SANTA CRUZ DE MARCENADO 21
Instalación Deportiva Municipal Básica Condesa de Venadito;470.9869724456535;Plaza del Conde del Valle de Súchil nº 3;CALLE CONDESA DE VENADITO 7
Instalación Deportiva Municipal Básica Condesa de Venadito;470.9869724456535;Plaza del Conde del Valle de Súchil nº 3;CALLE CONDESA DE VENADITO 7
Instalación Deportiva Municipal Básica Condesa de Venadito;470.9869724456535;Plaza del Conde del Valle de Súchil nº 3;CALLE CONDESA DE VENADITO 7
Instalación Deportiva Municipal Básica Corregidor Diego de Valderrábano;173.04029568063746;Puerta del Sol nº 1;CALLE CORREGIDOR DIEGO DE VALDERRABANO 24
Instalación Deportiva Municipal Básica Cuña Verde (Villaamil);1076.5094740158374;Calle Fuencarral nº 108;CALLE VILLAAMIL C/V CAMINO DEL CHORRILLO 90
Instalación Deportiva Municipal Básica Cárcavas Oeste I;4327.20471808321;Puerta del Sol nº 1;CALLE CARMEN RICO GODOY 40
Instalación Deportiva Municipal Básica Cárcavas Oeste I;4327.20471808321;Puerta del Sol nº 1;CALLE CARMEN RICO GODOY 40
Instalación Deportiva Municipal Básica Cárcavas Oeste II;4437.968041892414;Calle Fuencarral nº 108;CALLE SAN ANDRES DE RABANEDO 1
Instalación Deportiva Municipal Básica Cárcavas Oeste II;4437.968041892414;Calle Manuela Malasaña nº 5;CALLE SAN ANDRES DE RABANEDO 1
Instalación Deportiva Municipal Básica Daniel Casero Gómez (antiguo Sangenjo);1418.776120834549;Plaza del Conde del Valle de Súchil nº 3;CALLE SANGENJO 42
Instalación Deportiva Municipal Básica Diana;6996.246867756874;Calle Manuela Malasaña nº 5;CALLE GALEON 25
Instalación Deportiva Municipal Básica Doctor Cirajas;757.6266321050437;Puerta del Sol nº 1;CALLE DOCTOR CIRAJAS 3
Instalación Deportiva Municipal Básica Doctor Vallejo-Nájera;227.90873334334606;Calle Miguel Moya nº 1;CALLE GASOMETRO 32 c/v Vallejo Nájera
Instalación Deportiva Municipal Básica Drácena;1023.6813752407984;Puerta del Sol nº 1;CALLE DRACENA 42
Instalación Deportiva Municipal Básica Echegaray;369.2949661412303;Puerta del Sol nº 1;CALLE ENCOMIENDA DE PALACIOS 324
Instalación Deportiva Municipal Básica Echegaray;369.2949661412303;Puerta del Sol nº 1;CALLE ENCOMIENDA DE PALACIOS 324
Instalación Deportiva Municipal Básica El Bosque;1860.5140587141298;Plaza de Alonso Martínez nº 5;PLAZA GOLMAYO 17
Instalación Deportiva Municipal Básica El Bosque;1860.5140587141298;Plaza de Alonso Martínez nº 5;PLAZA GOLMAYO 17
Instalación Deportiva Municipal Básica El Bosque;1860.5140587141298;Calle Fuencarral nº 108;PLAZA GOLMAYO 17
Instalación Deportiva Municipal Básica El Capricho I;5389.683825050525;Calle San Vicente Ferrer nº 64;PASEO ALAMEDA DE OSUNA 48
Instalación Deportiva Municipal Básica El Capricho II;5293.714278265494;Calle Manuela Malasaña nº 5;PASEO ALAMEDA DE OSUNA 46
Instalación Deportiva Municipal Básica El Capricho II;5293.714278265494;Plaza del Conde del Valle de Súchil nº 3;PASEO ALAMEDA DE OSUNA 46
Instalación Deportiva Municipal Básica El Espinillo I;3093.295500113923;Puerta del Sol nº 1;CALLE TERTULIA 7
Instalación Deportiva Municipal Básica El Espinillo I;3093.295500113923;Calle Marqués de la Ensenada nº 16;CALLE TERTULIA 7
Instalación Deportiva Municipal Básica El Espinillo III;3379.4379127311263;Calle Hortaleza nº 63;CALLE UNANIMIDAD 39
Instalación Deportiva Municipal Básica El Espinillo III;3379.4379127311263;Calle Hortaleza nº 63;CALLE UNANIMIDAD 39
Instalación Deportiva Municipal Básica El Pedernoso - Parque de Villa Rosa - Paco Caño;3303.3727511806674;Calle Manuela Malasaña nº 5;CALLE PEDROÑERAS (cubierta P.A.R.) 42
Instalación Deportiva Municipal Básica El Torero;305.1676623610121;Calle Manuela Malasaña nº 5;CALLE TORERO C/V CALLE ANTONIO LÓPEZ 10 c/v Antonio López (Parque El Torero)
Instalación Deportiva Municipal Básica El Vandel;1137.2224866123836;Calle Hortaleza nº 63;CALLE FLORENCIO CANO CRISTOBAL 9 esq. Pasaje Poveda
Instalación Deportiva Municipal Básica El Vandel;1137.2224866123836;Calle Hortaleza nº 63;CALLE FLORENCIO CANO CRISTOBAL 9 esq. Pasaje Poveda
Instalación Deportiva Municipal Básica Enrique Tierno Galván;698.3058047304928;Puerta del Sol nº 1;PARQUE ENRIQUE TIERNO GALVAN 
Instalación Deportiva Municipal Básica Enrique Tierno Galván;698.3058047304928;Puerta del Sol nº 1;PARQUE ENRIQUE TIERNO GALVAN 
Instalación Deportiva Municipal Básica Enrique Tierno Galván;698.3058047304928;Puerta del Sol nº 1;PARQUE ENRIQUE TIERNO GALVAN 
Instalación Deportiva Municipal Básica Eros;478.1000343919146;Calle Manuela Malasaña nº 5;CALLE EROS 6
Instalación Deportiva Municipal Básica Esfinge;3842.745190487801;Calle Miguel Moya nº 1;CALLE ESFINGE 60 c/v Circe
Instalación Deportiva Municipal Básica Esperanza I - Agrupación Deportiva Esperanza;1953.0580809516066;Calle Miguel Moya nº 1;CALLE SILVANO 65
Instalación Deportiva Municipal Básica Esperanza II;1832.2749125398257;Calle Hortaleza nº 63;CALLE SILVANO 61
Instalación Deportiva Municipal Básica Estíbaliz;2873.0681535500166;Calle Marqués de la Ensenada nº 16;CALLE ESTIBALIZ 30
Instalación Deportiva Municipal Básica Euterpe;5863.059075753009;Puerta del Sol nº 1;CALLE EUTERPE 1
Instalación Deportiva Municipal Básica Euterpe;5863.059075753009;Calle Miguel Moya nº 1;CALLE EUTERPE 1
Instalación Deportiva Municipal Básica Evangelios-Almendrales;635.2492724211369;Calle Hortaleza nº 75;CALLE EVANGELIOS 4
Instalación Deportiva Municipal Básica Evangelios-Almendrales;635.2492724211369;Puerta del Sol nº 1;CALLE EVANGELIOS 4
Instalación Deportiva Municipal Básica Evangelios-Almendrales;635.2492724211369;Calle Hortaleza nº 63;CALLE EVANGELIOS 4
Instalación Deportiva Municipal Básica Francisco Laguna;582.5978846473494;Puerta del Sol nº 1;CALLE FRANCISCO LAGUNA 26
Instalación Deportiva Municipal Básica Francisco de Goya (antigua Mozart);441.5294411426551;Calle Manuela Malasaña nº 5;INST. DEPORTIVA BASICA MOZART 
Instalación Deportiva Municipal Básica Frontón Orcasitas;2441.5970660149974;Puerta del Sol nº 1;AVENIDA RAFAELA YBARRA 103 Parque de Orcasitas
Instalación Deportiva Municipal Básica Frontón San Fermín;2182.2681599461857;Puerta del Sol nº 1;CAMINO DE PERALES 136 c/v calle de Torrox
Instalación Deportiva Municipal Básica Frontón Zofio (antiguo Zofío II);1957.9682265610593;Calle Miguel Moya nº 1;CALLE RICARDO BELTRAN Y ROZPIDE 16
Instalación Deportiva Municipal Básica Fuente Espina;3923.0595793774105;Puerta del Sol nº 1;CALLE FUENTESPINA 29
Instalación Deportiva Municipal Básica Fuente Espina;3923.0595793774105;Calle Fuencarral nº 108;CALLE FUENTESPINA 29
Instalación Deportiva Municipal Básica Fuente de Lima;6645.6773065108155;Calle Manuela Malasaña nº 5;CALLE FUENTE DE LIMA 24
Instalación Deportiva Municipal Básica Fuente de Lima;6645.6773065108155;Calle San Vicente Ferrer nº 64;CALLE FUENTE DE LIMA 24
Instalación Deportiva Municipal Básica Fuerte de Navidad;5122.565642556289;Puerta del Sol nº 1;CALLE FUERTE DE NAVIDAD  c/v La Isabela
Instalación Deportiva Municipal Básica Fuerte de Navidad;5122.565642556289;Puerta del Sol nº 1;CALLE FUERTE DE NAVIDAD  c/v La Isabela
Instalación Deportiva Municipal Básica Fuerte de Navidad;5122.565642556289;Puerta del Sol nº 1;CALLE FUERTE DE NAVIDAD  c/v La Isabela
Instalación Deportiva Municipal Básica Fuerte de Navidad;5122.565642556289;Puerta del Sol nº 1;CALLE FUERTE DE NAVIDAD  c/v La Isabela
Instalación Deportiva Municipal Básica Fuerte de Navidad;5122.565642556289;Puerta del Sol nº 1;CALLE FUERTE DE NAVIDAD  c/v La Isabela
Instalación Deportiva Municipal Básica Fuerte de Navidad;5122.565642556289;Calle Fuencarral nº 108;CALLE FUERTE DE NAVIDAD  c/v La Isabela
Instalación Deportiva Municipal Básica Galeón;6802.890269175731;Calle Manuela Malasaña nº 5;CALLE GALEON 3
Instalación Deportiva Municipal Básica Garrovillas;6496.224639408039;Calle Manuela Malasaña nº 5;PLAZA GARROVILLAS S/N
Instalación Deportiva Municipal Básica General Millán Astray;5501.655557101837;Calle Fuencarral nº 108;CALLE GENERAL MILLAN ASTRAY 4
Instalación Deportiva Municipal Básica Glorieta de Segovia;186.34423157977776;Puerta del Sol nº 1;PASEO Ciudad de Plasencia 
Instalación Deportiva Municipal Básica Gran Vía de Hortaleza;2006.3260608273101;Calle Miguel Moya nº 1;AVENIDA GRAN VIA DE HORTALEZA 1
Instalación Deportiva Municipal Básica Guadalajara;2733.9067516444807;Plaza del Conde del Valle de Súchil nº 3;AVENIDA GUADALAJARA S/N
Instalación Deportiva Municipal Básica Guadalajara;2733.9067516444807;Puerta del Sol nº 1;AVENIDA GUADALAJARA S/N
Instalación Deportiva Municipal Básica Guadalajara;2733.9067516444807;Calle Manuela Malasaña nº 5;AVENIDA GUADALAJARA S/N
Instalación Deportiva Municipal Básica Hogar del Ferroviario;510.13599093527307;Plaza de Alonso Martínez nº 5;AVENIDA MEDITERRANEO S/N Colonia Ferroviarios, frente a Manuel Mª Arrillaga, 51
Instalación Deportiva Municipal Básica Hogar del Ferroviario;510.13599093527307;Calle Conde Duque nº 22;AVENIDA MEDITERRANEO S/N Colonia Ferroviarios, frente a Manuel Mª Arrillaga, 51
Instalación Deportiva Municipal Básica Hornero;1201.9754014992127;Puerta del Sol nº 1;CALLE HORNERO 1
Instalación Deportiva Municipal Básica Hornero;1201.9754014992127;Puerta del Sol nº 1;CALLE HORNERO 1
Instalación Deportiva Municipal Básica Imagen;1181.9251727747037;Calle Hortaleza nº 75;CALLE IMAGEN 23
Instalación Deportiva Municipal Básica Isla de Tabarca;2655.0751977680466;Plaza del Conde del Valle de Súchil nº 3;CALLE SANTIAGO DE COMPOSTELA 104 c/v Isla de Tabarca
Instalación Deportiva Municipal Básica Jacinto Verdaguer;299.07947543552405;Puerta del Sol nº 1;CALLE JACINTO VERDAGUER 17
Instalación Deportiva Municipal Básica Jardines Las Águilas (antigua Jardines General Fanjul);4578.047095495392;Puerta del Sol nº 1;AVENIDA LAS AGUILAS 
Instalación Deportiva Municipal Básica Jardines Las Águilas (antigua Jardines General Fanjul);4578.047095495392;Calle Miguel Moya nº 1;AVENIDA LAS AGUILAS 
Instalación Deportiva Municipal Básica Jardines Las Águilas (antigua Jardines General Fanjul);4578.047095495392;Plaza del Conde del Valle de Súchil nº 3;AVENIDA LAS AGUILAS 
Instalación Deportiva Municipal Básica Jardines de Bucaramanga;3365.451645547533;Puerta del Sol nº 1;AVENIDA BUCARAMANGA 2
Instalación Deportiva Municipal Básica Jardines de Bucaramanga;3365.451645547533;Puerta del Sol nº 1;AVENIDA BUCARAMANGA 2
Instalación Deportiva Municipal Básica Jardín Papelera Peninsular;372.42783913573754;Calle Miguel Moya nº 1;CALLE ARGANDA 3
Instalación Deportiva Municipal Básica Jardín de Portugalete;1604.828373975797;Plaza de Alonso Martínez nº 5;CALLE ULISES 23
Instalación Deportiva Municipal Básica Jardín de Portugalete;1604.828373975797;Puerta del Sol nº 1;CALLE ULISES 23
Instalación Deportiva Municipal Básica Jazmin;2079.1097454072046;Calle Fuencarral nº 108;CALLE JAZMIN 36
Instalación Deportiva Municipal Básica Jazmin;2079.1097454072046;Calle Conde Duque nº 22;CALLE JAZMIN 36
Instalación Deportiva Municipal Básica Jazmin;2079.1097454072046;Calle Manuela Malasaña nº 5;CALLE JAZMIN 36
Instalación Deportiva Municipal Básica Jazmin;2079.1097454072046;Puerta del Sol nº 1;CALLE JAZMIN 36
Instalación Deportiva Municipal Básica Jesús Aprendiz;254.80763266847688;Calle Hortaleza nº 63;CALLE ANTONIO DIAZ-CAÑABATE 9 c/v Arias Montano
Instalación Deportiva Municipal Básica Jesús Aprendiz;254.80763266847688;Calle Hortaleza nº 63;CALLE ANTONIO DIAZ-CAÑABATE 9 c/v Arias Montano
Instalación Deportiva Municipal Básica Jesús Aprendiz;254.80763266847688;Calle Hortaleza nº 63;CALLE ANTONIO DIAZ-CAÑABATE 9 c/v Arias Montano
Instalación Deportiva Municipal Básica Jesús Aprendiz;254.80763266847688;Puerta del Sol nº 1;CALLE ANTONIO DIAZ-CAÑABATE 9 c/v Arias Montano
Instalación Deportiva Municipal Básica José Durán;1489.9164166961948;Puerta del Sol nº 1;AVENIDA PARQUE DE PALOMERAS BAJAS 10
Instalación Deportiva Municipal Básica José Luis Sánchez Juez (antiguo Los Coronales);6449.077066868733;Plaza del Conde del Valle de Súchil nº 3;CALLE BAHIA DE MALAGA 5
Instalación Deportiva Municipal Básica José Luis Sánchez Juez (antiguo Los Coronales);6449.077066868733;Calle Hortaleza nº 75;CALLE BAHIA DE MALAGA 5
Instalación Deportiva Municipal Básica José de Pasamonte;408.0362355555911;Calle Fuencarral nº 108;AVENIDA DOCTOR GARCIA TAPIA 51
Instalación Deportiva Municipal Básica José de Pasamonte;408.0362355555911;Puerta del Sol nº 1;AVENIDA DOCTOR GARCIA TAPIA 51
Instalación Deportiva Municipal Básica José de Pasamonte;408.0362355555911;Calle Miguel Moya nº 1;AVENIDA DOCTOR GARCIA TAPIA 51
Instalación Deportiva Municipal Básica José de Pasamonte;408.0362355555911;Puerta del Sol nº 1;AVENIDA DOCTOR GARCIA TAPIA 51
Instalación Deportiva Municipal Básica Juan de Mariana;292.0127388496413;Calle Hortaleza nº 75;CALLE JUAN DE MARIANA 8
Instalación Deportiva Municipal Básica Juan de Mariana;292.0127388496413;Puerta del Sol nº 1;CALLE JUAN DE MARIANA 8
Instalación Deportiva Municipal Básica La Chopera;6956.759682253445;Puerta del Sol nº 1;CALLE ESCULTOR PERESEJO 86
Instalación Deportiva Municipal Básica La Chopera;6956.759682253445;Calle Miguel Moya nº 1;CALLE ESCULTOR PERESEJO 86
Instalación Deportiva Municipal Básica La Mancha;939.3409681292865;Calle San Bernardo nº 85;CALLE TOMELLOSO 21 Próximo a la Av. de Córdoba (P.D. Almendral)
Instalación Deportiva Municipal Básica La Mancha;939.3409681292865;Calle Manuela Malasaña nº 5;CALLE TOMELLOSO 21 Próximo a la Av. de Córdoba (P.D. Almendral)
Instalación Deportiva Municipal Básica La Mancha;939.3409681292865;Calle Hortaleza nº 63;CALLE TOMELLOSO 21 Próximo a la Av. de Córdoba (P.D. Almendral)
Instalación Deportiva Municipal Básica Laminador de Tormentas - Valdebebas;4969.8205568889225;Calle Manuela Malasaña nº 5;calle Antonio Flórez s/n esquina avenida Francisco Javier Sáenz de Oiza 
Instalación Deportiva Municipal Básica Laminador de Tormentas - Valdebebas;4969.8205568889225;Puerta del Sol nº 1;calle Antonio Flórez s/n esquina avenida Francisco Javier Sáenz de Oiza 
Instalación Deportiva Municipal Básica Laminador de Tormentas - Valdebebas;4969.8205568889225;Plaza de Alonso Martínez nº 5;calle Antonio Flórez s/n esquina avenida Francisco Javier Sáenz de Oiza 
Instalación Deportiva Municipal Básica Las Rosas;3845.1829960864043;Calle Manuela Malasaña nº 5;AVENIDA NIZA s/n
Instalación Deportiva Municipal Básica Lili Alvarez;860.9462377386308;Calle Hortaleza nº 63;CALLE LA RIVIERA 4 c/v calle Provenza, 3 Cañón Río Lobos
Instalación Deportiva Municipal Básica Lili Alvarez;860.9462377386308;Calle Miguel Moya nº 1;CALLE LA RIVIERA 4 c/v calle Provenza, 3 Cañón Río Lobos
Instalación Deportiva Municipal Básica Lonja de la Seda;6117.2038527465;Calle Fuencarral nº 108;CALLE LONJA DE LA SEDA 32 Parc. 2.1 del P.A.U. de Carabanchel
Instalación Deportiva Municipal Básica Los Caprichos;371.6820260288423;Calle Manuela Malasaña nº 5;AVENIDA CAPRICHOS 1
Instalación Deportiva Municipal Básica Los Cármenes;2147.0522892352897;Puerta del Sol nº 1;CALLE ALHAMBRA 35
Instalación Deportiva Municipal Básica Los Llanos;3069.150288123405;Puerta del Sol nº 1;CALLE FLORENCIO CASTILLO 3
Instalación Deportiva Municipal Básica Los Morales - Patrimonio Humanidad I;6532.312586347644;Calle Fuencarral nº 108;CALLE PATRIMONIO DE LA HUMANIDAD 37 Parc. 3.10.4 del P.A.U. de Carabanchel
Instalación Deportiva Municipal Básica Los Morales - Patrimonio Humanidad II;6638.370745073044;Calle San Vicente Ferrer nº 64;CALLE MORALES  C/ Patrimonio de la Humanidad, 27. Parc. 3.11.3 del P.A.U. de Carabanchel
Instalación Deportiva Municipal Básica Los Morales - Patrimonio Humanidad II;6638.370745073044;Calle Fuencarral nº 108;CALLE MORALES  C/ Patrimonio de la Humanidad, 27. Parc. 3.11.3 del P.A.U. de Carabanchel
Instalación Deportiva Municipal Básica Los Poblados;3626.5399802350803;Puerta del Sol nº 1;AVENIDA POBLADOS  C/V Antig. Carretera a Leganés
Instalación Deportiva Municipal Básica Los Poblados;3626.5399802350803;Calle Hortaleza nº 75;AVENIDA POBLADOS  C/V Antig. Carretera a Leganés
Instalación Deportiva Municipal Básica Los Poblados;3626.5399802350803;Plaza de San Miguel nº 9;AVENIDA POBLADOS  C/V Antig. Carretera a Leganés
Instalación Deportiva Municipal Básica Los Rosales I;4402.562118723378;Calle Hortaleza nº 75;AVENIDA LOS ROSALES 131
Instalación Deportiva Municipal Básica Lucano;3653.3484768677777;Calle Fuencarral nº 108;CALLE LUCANO  c/v Esfinge
Instalación Deportiva Municipal Básica Lucano;3653.3484768677777;Calle Fuencarral nº 108;CALLE LUCANO  c/v Esfinge
Instalación Deportiva Municipal Básica Machupichu;2740.3964008389103;Puerta del Sol nº 1;AVENIDA MACHUPICHU 50
Instalación Deportiva Municipal Básica Madrid - Las Tablas;3386.459329403444;Calle Conde Duque nº 22;CALLE FROMISTA 5
Instalación Deportiva Municipal Básica Manizales;3560.293699225215;Puerta del Sol nº 1;CALLE GALAPA 10 c/v Avda. Manizales
Instalación Deportiva Municipal Básica Manizales;3560.293699225215;Calle Marqués de la Ensenada nº 16;CALLE GALAPA 10 c/v Avda. Manizales
Instalación Deportiva Municipal Básica Manizales;3560.293699225215;Calle Fuencarral nº 108;CALLE GALAPA 10 c/v Avda. Manizales
Instalación Deportiva Municipal Básica Mar de Japón;3386.532252315954;Puerta del Sol nº 1;CALLE MAR DEL JAPON 7
Instalación Deportiva Municipal Básica Mar de Japón;3386.532252315954;Calle Manuela Malasaña nº 5;CALLE MAR DEL JAPON 7
Instalación Deportiva Municipal Básica Mar de Japón;3386.532252315954;Puerta del Sol nº 1;CALLE MAR DEL JAPON 7
Instalación Deportiva Municipal Básica Maracena;2210.4346133927165;Plaza de Carlos Cambronero nº 2;CALLE MARACENA 1 c/v Moreja -Orcasur-
Instalación Deportiva Municipal Básica Maris Stella;1526.4277349607482;Calle San Bernardo nº 85;CALLE DOCTOR TOLOSA LATOUR 18 Frente C. Informat. S.S.
Instalación Deportiva Municipal Básica Martala I;724.4327208998125;Plaza del Conde del Valle de Súchil nº 3;CALLE PICO DE LOS ARTILLEROS 5 posterior
Instalación Deportiva Municipal Básica Martala I;724.4327208998125;Calle Hortaleza nº 63;CALLE PICO DE LOS ARTILLEROS 5 posterior
Instalación Deportiva Municipal Básica Martala I;724.4327208998125;Calle Fuencarral nº 108;CALLE PICO DE LOS ARTILLEROS 5 posterior
Instalación Deportiva Municipal Básica Martala I;724.4327208998125;Puerta del Sol nº 1;CALLE PICO DE LOS ARTILLEROS 5 posterior
Instalación Deportiva Municipal Básica María de Austria;2367.8412246189205;Calle San Vicente Ferrer nº 64;PARQUE EMPERATRIZ MARÍA DE AUSTRIA  Parque Sur
Instalación Deportiva Municipal Básica María de Austria;2367.8412246189205;Calle Manuela Malasaña nº 5;PARQUE EMPERATRIZ MARÍA DE AUSTRIA  Parque Sur
Instalación Deportiva Municipal Básica María de Villota;4806.287970577887;Puerta del Sol nº 1;CALLE ESTEFANITA 5
Instalación Deportiva Municipal Básica Mercedes Arteaga;876.3388747056797;Puerta del Sol nº 1;CALLE MERCEDES ARTEAGA S/N c/v San Pantaleón
Instalación Deportiva Municipal Básica Miguel Hernández (Parque lineal del Manzanares);1321.020922923991;Puerta del Sol nº 1;AVENIDA MIGUEL HERNANDEZ 48 frente al 36-38
Instalación Deportiva Municipal Básica Miguel Riesco;2838.3567165512804;Plaza del Conde del Valle de Súchil nº 3;CALLE MIGUEL RIESCO 7
Instalación Deportiva Municipal Básica Miguel Riesco - Ramón Power;2762.866759044546;Puerta del Sol nº 1;CALLE MIGUEL RIESCO 1
Instalación Deportiva Municipal Básica Miguel Yuste;2120.643577144023;Plaza de San Miguel nº 9;CALLE MIGUEL YUSTE  c/v Emilio Muñoz
Instalación Deportiva Municipal Básica Miguel Yuste;2120.643577144023;Puerta del Sol nº 1;CALLE MIGUEL YUSTE  c/v Emilio Muñoz
Instalación Deportiva Municipal Básica Minaya;3090.3780292368724;Puerta del Sol nº 1;CALLE MINAYA 5
Instalación Deportiva Municipal Básica Mirador de la Reina (Cerro Minguete);4024.499364297733;Calle Hortaleza nº 63;CALLE MIRADOR DE LA REINA 2 c/v Cerro Minguete
Instalación Deportiva Municipal Básica Mirador de la Reina (Cerro Minguete);4024.499364297733;Calle Hortaleza nº 63;CALLE MIRADOR DE LA REINA 2 c/v Cerro Minguete
Instalación Deportiva Municipal Básica Mirasierra;3031.7365860068817;Plaza del Conde del Valle de Súchil nº 3;CALLE NURIA 83
Instalación Deportiva Municipal Básica Molino;109.66107702887675;Plaza de San Miguel nº 9;PASEO MOLINO 2
Instalación Deportiva Municipal Básica Molino;109.66107702887675;Puerta del Sol nº 1;PASEO MOLINO 2
Instalación Deportiva Municipal Básica Mondariz;1908.2860755528634;Puerta del Sol nº 1;PLAZA MONDARIZ 1
Instalación Deportiva Municipal Básica Montalbos;2655.7938926952593;Plaza del Conde del Valle de Súchil nº 3;CALLE MONTALBOS 14
Instalación Deportiva Municipal Básica Montalbos;2655.7938926952593;Calle Hortaleza nº 75;CALLE MONTALBOS 14
Instalación Deportiva Municipal Básica Montecarmelo McDonald´s;2495.721748543937;Calle Duque de Liria;AVENIDA MONTECARMELO 1
Instalación Deportiva Municipal Básica Montecarmelo McDonald´s;2495.721748543937;Calle Hortaleza nº 63;AVENIDA MONTECARMELO 1
Instalación Deportiva Municipal Básica Mártires Maristas;1449.5147245400433;Calle Manuela Malasaña nº 5;AVENIDA MARTIRES MARISTAS 2 c/v Antonio Machado
Instalación Deportiva Municipal Básica Nicolasa Gómez;3319.2220782066042;Calle San Bernardo nº 85;CALLE NICOLASA GOMEZ 1
Instalación Deportiva Municipal Básica Nicolasa Gómez;3319.2220782066042;Calle Miguel Moya nº 1;CALLE NICOLASA GOMEZ 1
Instalación Deportiva Municipal Básica Nueva Esperanza;4095.9958300895364;Calle Fuencarral nº 108;CALLE ANOETA 1
Instalación Deportiva Municipal Básica Ontanilla;2958.977149708781;Calle Hortaleza nº 75;AVENIDA LOS POBLADOS  C/V Ontanilla
Instalación Deportiva Municipal Básica Orcasur II;2618.722033691856;Puerta del Sol nº 1;AVENIDA ORCASUR 53
Instalación Deportiva Municipal Básica Orcasur II;2618.722033691856;Calle Fuencarral nº 108;AVENIDA ORCASUR 53
Instalación Deportiva Municipal Básica Orión-Jupiter;8502.366735663594;Calle Fuencarral nº 108;CALLE ORION 52
Instalación Deportiva Municipal Básica Oscar y Jesús;5967.615227931998;Calle Miguel Moya nº 1;CALLE SOLEDAD CAZORLA 22
Instalación Deportiva Municipal Básica Oyarzun;2899.4579343105256;Calle Miguel Moya nº 1;PLAZA OYARZUN 1
Instalación Deportiva Municipal Básica P.A.R. Antonio López - Virgen de los Remedios;377.728237441656;Puerta del Sol nº 1;CALLE VALMAYOR 2
Instalación Deportiva Municipal Básica P.A.R. Antonio López - Virgen de los Remedios;377.728237441656;Calle Manuela Malasaña nº 5;CALLE VALMAYOR 2
Instalación Deportiva Municipal Básica P.A.R. Antonio López - Virgen de los Remedios;377.728237441656;Plaza del Conde del Valle de Súchil nº 3;CALLE VALMAYOR 2
Instalación Deportiva Municipal Básica P.A.R. Avda. Marqués de Corbera;204.98031636336648;Puerta del Sol nº 1;AVENIDA MARQUES DE CORBERA 62
Instalación Deportiva Municipal Básica P.A.R. Avenida Rafaela Ybarra;1536.9224325049818;Calle Miguel Moya nº 1;AVENIDA RAFAELA YBARRA 51
Instalación Deportiva Municipal Básica P.A.R. Manuel Noya;743.0854631562052;Plaza de Alonso Martínez nº 5;CALLE MANUEL NOYA 2 junto Puente Los Capuchinos
Instalación Deportiva Municipal Básica P.A.R. Manuel Noya;743.0854631562052;Plaza de Alonso Martínez nº 5;CALLE MANUEL NOYA 2 junto Puente Los Capuchinos
Instalación Deportiva Municipal Básica P.A.R. Manuel Noya;743.0854631562052;Calle Hortaleza nº 63;CALLE MANUEL NOYA 2 junto Puente Los Capuchinos
Instalación Deportiva Municipal Básica P.A.R. Ramón Gómez de la Serna;3525.3334766367875;Plaza de Alonso Martínez nº 5;CALLE RAMON GOMEZ DE LA SERNA 49
Instalación Deportiva Municipal Básica Pablo Casals;524.6410017634587;Calle Hortaleza nº 63;PASEO ERMITA DEL SANTO 10
Instalación Deportiva Municipal Básica Pablo Casals;524.6410017634587;Puerta del Sol nº 1;PASEO ERMITA DEL SANTO 10
Instalación Deportiva Municipal Básica Padre Damián;270.08186359396257;Calle Hortaleza nº 75;CALLE PADRE DAMIAN 24
Instalación Deportiva Municipal Básica Padre Damián;270.08186359396257;Puerta del Sol nº 1;CALLE PADRE DAMIAN 24
Instalación Deportiva Municipal Básica Palomeras Bajas;1899.3669828247932;Calle San Andrés nº 18;CALLE PUERTO DE BALBARAN 6
Instalación Deportiva Municipal Básica Parque Adelfas;393.0696708530712;Puerta del Sol nº 1;CALLE MARTINEZ CORROCHANO esquina  con calle Luis Mitjans 26
Instalación Deportiva Municipal Básica Parque Adelfas;393.0696708530712;Puerta del Sol nº 1;CALLE MARTINEZ CORROCHANO esquina  con calle Luis Mitjans 26
Instalación Deportiva Municipal Básica Parque Adelfas;393.0696708530712;Calle Fuencarral nº 108;CALLE MARTINEZ CORROCHANO esquina  con calle Luis Mitjans 26
Instalación Deportiva Municipal Básica Parque Alfredo Kraus;3149.941660239348;Puerta del Sol nº 1;CALLE MAR ADRIATICO 7
Instalación Deportiva Municipal Básica Parque Alfredo Kraus;3149.941660239348;Puerta del Sol nº 1;CALLE MAR ADRIATICO 7
Instalación Deportiva Municipal Básica Parque Arroyo Fresno;3432.3143762611976;Puerta del Sol nº 1;AVENIDA VENTISQUERO DE LA CONDESA 43
Instalación Deportiva Municipal Básica Parque Arroyo Pozuelo I;4854.703041240323;Puerta del Sol nº 1;CALLE ARROYO DE POZUELO 10
Instalación Deportiva Municipal Básica Parque Calle Onil;5212.67438411275;Calle Manuela Malasaña nº 5;CALLE NAVIA 12 c/v Luis Chamizo
Instalación Deportiva Municipal Básica Parque Cuña Verde;2119.0158470057168;Calle Miguel Moya nº 1;AVENIDA DAROCA 300
Instalación Deportiva Municipal Básica Parque Darwin;419.6164034043793;Calle Hortaleza nº 75;AVENIDA MORATALAZ 93
Instalación Deportiva Municipal Básica Parque Deportivo Doctor García Tapia 1;231.6572683255333;Plaza del Conde del Valle de Súchil nº 3;CALLE CARMEN AMAYA 3 Posterior
Instalación Deportiva Municipal Básica Parque Doña Guiomar I - Sporting de Hortaleza;3130.058229961549;Calle Manuela Malasaña nº 5;CALLE MONOVAR 8
Instalación Deportiva Municipal Básica Parque Doña Guiomar I - Sporting de Hortaleza;3130.058229961549;Puerta del Sol nº 1;CALLE MONOVAR 8
Instalación Deportiva Municipal Básica Parque Doña Guiomar I - Sporting de Hortaleza;3130.058229961549;Calle Hortaleza nº 75;CALLE MONOVAR 8
Instalación Deportiva Municipal Básica Parque Doña Guiomar I - Sporting de Hortaleza;3130.058229961549;Calle Hortaleza nº 75;CALLE MONOVAR 8
Instalación Deportiva Municipal Básica Parque Doña Guiomar I - Sporting de Hortaleza;3130.058229961549;Puerta del Sol nº 1;CALLE MONOVAR 8
Instalación Deportiva Municipal Básica Parque Doña Guiomar II;3004.587795965733;Calle Fuencarral nº 108;CARRETERA ESTACION DE HORTALEZA 7
Instalación Deportiva Municipal Básica Parque Doña Guiomar II;3004.587795965733;Plaza de San Miguel nº 9;CARRETERA ESTACION DE HORTALEZA 7
Instalación Deportiva Municipal Básica Parque Doña Guiomar III;2910.4714183013843;Calle Hortaleza nº 63;CALLE MONÓVAR 4
Instalación Deportiva Municipal Básica Parque Doña Guiomar III;2910.4714183013843;Calle San Andrés nº 18;CALLE MONÓVAR 4
Instalación Deportiva Municipal Básica Parque El Calero;337.4987623130501;Plaza del Conde del Valle de Súchil nº 3;CALLE VIRGEN DE NURIA S/N
Instalación Deportiva Municipal Básica Parque Eugenia de Montijo;4488.6319856224745;Calle Miguel Moya nº 1;CALLE PARQUE EUGENIA DE MONTIJO S/N
Instalación Deportiva Municipal Básica Parque Eugenia de Montijo;4488.6319856224745;Calle Marqués de la Ensenada nº 16;CALLE PARQUE EUGENIA DE MONTIJO S/N
Instalación Deportiva Municipal Básica Parque Eugenia de Montijo;4488.6319856224745;Puerta del Sol nº 1;CALLE PARQUE EUGENIA DE MONTIJO S/N
Instalación Deportiva Municipal Básica Parque Gabriela Mistral;3746.524505598742;Puerta del Sol nº 1;CALLE ROSALIA DE CASTRO 69
Instalación Deportiva Municipal Básica Parque Gabriela Mistral;3746.524505598742;Puerta del Sol nº 1;CALLE ROSALIA DE CASTRO 69
Instalación Deportiva Municipal Básica Parque Huerta del Obispo;4968.46689048696;Puerta del Sol nº 1;CALLE JUAN PEÑALVER 34 c/v CALLE PALOMARES
Instalación Deportiva Municipal Básica Parque Juan Pablo II (rugby);3580.340241143525;Calle Hortaleza nº 75;AVENIDA PICEAS 13
Instalación Deportiva Municipal Básica Parque Luis Buñuel;1827.1207185920737;Calle Manuela Malasaña nº 5;CALLE LUIS BUÑUEL 12
Instalación Deportiva Municipal Básica Parque Madrid Sur - La Diligencia;1290.4007518872336;Calle Miguel Moya nº 1;CALLE LA DILIGENCIA 5 Parque Madrid Sur
Instalación Deportiva Municipal Básica Parque Madrid Sur - La Diligencia;1290.4007518872336;Puerta del Sol nº 1;CALLE LA DILIGENCIA 5 Parque Madrid Sur
Instalación Deportiva Municipal Básica Parque Martala I;724.4327208998125;Puerta del Sol nº 1;CALLE PICO DE LOS ARTILLEROS 5
Instalación Deportiva Municipal Básica Parque Olof Palme;1156.2762418646485;Puerta del Sol nº 1;CALLE CERECINOS 4 Parque Olof Palme
Instalación Deportiva Municipal Básica Parque Plata y Castañar;4810.239702923791;Puerta del Sol nº 1;PASEO LOS FERROVIARIOS s/n
Instalación Deportiva Municipal Básica Parque Plata y Castañar;4810.239702923791;Calle Miguel Moya nº 1;PASEO LOS FERROVIARIOS s/n
Instalación Deportiva Municipal Básica Parque Pradolongo 1;3541.1100977165274;Calle Fuencarral nº 108;AVENIDA DE LOS POBLADOS (PARQUE PRADOLONGO) 165
Instalación Deportiva Municipal Básica Parque Pradolongo 1;3541.1100977165274;Calle Miguel Moya nº 1;AVENIDA DE LOS POBLADOS (PARQUE PRADOLONGO) 165
Instalación Deportiva Municipal Básica Parque San Blas;2245.9827759659083;Calle Hortaleza nº 63;CALLE ALBAIDA S/N Avda. Arcentales, Alberique y Ajofrín
Instalación Deportiva Municipal Básica Parque San Luciano;2916.5893236704665;Plaza de Alonso Martínez nº 5;CALLE SAN LUCIANO 12
Instalación Deportiva Municipal Básica Parque San Luciano;2916.5893236704665;Plaza de San Miguel nº 9;CALLE SAN LUCIANO 12
Instalación Deportiva Municipal Básica Parque Sector Surbatán;1889.8574930592906;Puerta del Sol nº 1;CALLE SEPULVEDA C.V. A CALLE CEBREROS 206
Instalación Deportiva Municipal Básica Parque de Atenas;526.674441034985;Plaza del Conde del Valle de Súchil nº 3;PASEO VIRGEN DEL PUERTO 3
Instalación Deportiva Municipal Básica Parque de Berlín;451.0157478480426;Calle Marqués de la Ensenada nº 16;CALLE MARCENADO 51
Instalación Deportiva Municipal Básica Parque de Roma I;495.4118958463941;Calle Manuela Malasaña nº 5;CALLE JUAN ESPLANDIU 4
Instalación Deportiva Municipal Básica Parque de Roma III;75.00842442267464;Puerta del Sol nº 1;CALLE ALCALDE SAINZ DE BARANDA 90
Instalación Deportiva Municipal Básica Parque de Roma III;75.00842442267464;Puerta del Sol nº 1;CALLE ALCALDE SAINZ DE BARANDA 90
Instalación Deportiva Municipal Básica Parque de Roma III;75.00842442267464;Calle Manuela Malasaña nº 5;CALLE ALCALDE SAINZ DE BARANDA 90
Instalación Deportiva Municipal Básica Parque de San Isidro - Gorrión;1299.6915225258995;Calle Fuencarral nº 108;CALLE GORRION 36
Instalación Deportiva Municipal Básica Parque de San Isidro - Vicente Quesada;1298.9384689798926;Calle Hortaleza nº 75;CALLE VICENTE QUESADA Parque de San Isidro
Instalación Deportiva Municipal Básica Parque de San Isidro - Vicente Quesada;1298.9384689798926;Calle Manuela Malasaña nº 5;CALLE VICENTE QUESADA Parque de San Isidro
Instalación Deportiva Municipal Básica Parque de Skateboard Ignacio Echeverría;124.43624384924756;Calle Hortaleza nº 63;PASEO CHOPERA 4
Instalación Deportiva Municipal Básica Parque de Skateboard Ignacio Echeverría;124.43624384924756;Calle Hortaleza nº 75;PASEO CHOPERA 4
Instalación Deportiva Municipal Básica Parque de Skateboard Ignacio Echeverría;124.43624384924756;Calle Hortaleza nº 75;PASEO CHOPERA 4
Instalación Deportiva Municipal Básica Parque de Villa Rosa;3321.3261930330655;Puerta del Sol nº 1;CALLE EL PEDERNOSO 19
Instalación Deportiva Municipal Básica Parque de la Alcazaba;1780.3663831721876;Plaza de Alonso Martínez nº 5;AVENIDA EL FERROL 34
Instalación Deportiva Municipal Básica Parque de la Alcazaba;1780.3663831721876;Plaza de Alonso Martínez nº 5;AVENIDA EL FERROL 34
Instalación Deportiva Municipal Básica Parque de la Alcazaba;1780.3663831721876;Calle Miguel Moya nº 1;AVENIDA EL FERROL 34
Instalación Deportiva Municipal Básica Parque de las Cruces;4554.605131809409;Calle Conde Duque nº 22;AVENIDA POBLADOS S/N
Instalación Deportiva Municipal Básica Parque de las Cruces;4554.605131809409;Plaza del Conde del Valle de Súchil nº 3;AVENIDA POBLADOS S/N
Instalación Deportiva Municipal Básica Parque de las Cruces II;4878.037301943534;Calle Hortaleza nº 63;CALLE VIDAUBA 3
Instalación Deportiva Municipal Básica Parque de las Cruces II;4878.037301943534;Calle Hortaleza nº 63;CALLE VIDAUBA 3
Instalación Deportiva Municipal Básica Parque la Milanera (La Coma);3625.370182539158;Calle Fuencarral nº 108;CALLE RAMON GOMEZ DE LA SERNA 22
Instalación Deportiva Municipal Básica Parque la Milanera (La Coma);3625.370182539158;Calle San Bernardo nº 85;CALLE RAMON GOMEZ DE LA SERNA 22
Instalación Deportiva Municipal Básica Patrimonio Humanidad;6304.981876590279;Calle Miguel Moya nº 1;CALLE PATRIMONIO DE LA HUMANIDAD  Frente al número 15. Parc. 3.12.3 del P.A.U. de Carabanchel
Instalación Deportiva Municipal Básica Pinar de la Elipa;379.05207021577394;Puerta del Sol nº 1;CALLE JOSE LUIS DE ARRESE S/N
Instalación Deportiva Municipal Básica Pinar de la Elipa;379.05207021577394;Calle Conde Duque nº 22;CALLE JOSE LUIS DE ARRESE S/N
Instalación Deportiva Municipal Básica Pinos de Osuna;5955.084557864265;Puerta del Sol nº 1;CALLE PINOS DE OSUNA 1
Instalación Deportiva Municipal Básica Pinos de Osuna;5955.084557864265;Plaza de Alonso Martínez nº 5;CALLE PINOS DE OSUNA 1
Instalación Deportiva Municipal Básica Pirineos;922.9841854780161;Puerta del Sol nº 1;CALLE PIRINEOS S/N frente a Francisco de Diego
Instalación Deportiva Municipal Básica Pista Deportiva P.A.R. La Alcazaba;1637.6039962726234;Puerta del Sol nº 1;INST. DEPORTIVA BASICA SINESIO DELGADO 26
Instalación Deportiva Municipal Básica Pista Deportiva P.A.R. La Alcazaba;1637.6039962726234;Puerta del Sol nº 1;INST. DEPORTIVA BASICA SINESIO DELGADO 26
Instalación Deportiva Municipal Básica Pista P.A.R. Moralzarzal;3052.9621054908775;Calle Hortaleza nº 63;CALLE MORALZARZAL 88
Instalación Deportiva Municipal Básica Pista P.A.R. Moralzarzal;3052.9621054908775;Calle Fuencarral nº 108;CALLE MORALZARZAL 88
Instalación Deportiva Municipal Básica Pista P.A.R. Moralzarzal;3052.9621054908775;Plaza del Conde del Valle de Súchil nº 3;CALLE MORALZARZAL 88
Instalación Deportiva Municipal Básica Pista P.A.R. Moralzarzal;3052.9621054908775;Plaza del Conde del Valle de Súchil nº 3;CALLE MORALZARZAL 88
Instalación Deportiva Municipal Básica Pista de Patinaje Anfevi;701.219741728267;Puerta del Sol nº 1;CALLE HACIENDA DE PAVONES 127
Instalación Deportiva Municipal Básica Pista de Patinaje Anfevi;701.219741728267;Plaza del Conde del Valle de Súchil nº 3;CALLE HACIENDA DE PAVONES 127
Instalación Deportiva Municipal Básica Pista de Patinaje Avenida Niza;3845.1829960864043;Plaza de Alonso Martínez nº 5;AVENIDA NIZA s/n c/v Travesía de Carlos II
Instalación Deportiva Municipal Básica Pista de Petanca Centro de Mayores La Vaguada;2162.7851631011577;Calle Fuencarral nº 108;AVENIDA MONFORTE DE LEMOS 36
Instalación Deportiva Municipal Básica Pista de Petanca Centro de Mayores La Vaguada;2162.7851631011577;Puerta del Sol nº 1;AVENIDA MONFORTE DE LEMOS 36
Instalación Deportiva Municipal Básica Pista de Petanca Parque Fuencarral;1990.3684080834737;Plaza de Alonso Martínez nº 5;CALLE AFUERAS A VALVERDE 2
Instalación Deportiva Municipal Básica Plaza Colonia Oroquieta;4087.7276869982975;Plaza del Conde del Valle de Súchil nº 3;CARRETERA ANDALUCIA S/N C/V CARRETERA VILLAVERDE A VALLECAS
Instalación Deportiva Municipal Básica Plaza Vallandes;261.5656028416847;Calle Fuencarral nº 108;CALLE CALESAS 4
Instalación Deportiva Municipal Básica Plaza Vallandes;261.5656028416847;Calle Fuencarral nº 108;CALLE CALESAS 4
Instalación Deportiva Municipal Básica Plaza de María Soledad Torres Acosta;186.34423157977776;Puerta del Sol nº 1;PLAZA María Soledad Torres Acosta 
Instalación Deportiva Municipal Básica Plaza de la Orotava;805.085184399733;Calle Hortaleza nº 63;PLAZA LA OROTAVA 1
Instalación Deportiva Municipal Básica Plaza de la Orotava;805.085184399733;Calle Hortaleza nº 75;PLAZA LA OROTAVA 1
Instalación Deportiva Municipal Básica Plaza del Campillo de Mundo Nuevo;186.34423157977776;Plaza del Conde del Valle de Súchil nº 3;PLAZA Campillo del Mundo Nuevo 
Instalación Deportiva Municipal Básica Plaza del Campillo de Mundo Nuevo;186.34423157977776;Calle Fuencarral nº 108;PLAZA Campillo del Mundo Nuevo 
Instalación Deportiva Municipal Básica Pobladura del Valle;2308.702696712396;Plaza del Conde del Valle de Súchil nº 3;CALLE POBLADURA DEL VALLE s/n c/v Amposta
Instalación Deportiva Municipal Básica Poeta Esteban Villegas;503.21430837732976;Calle Manuela Malasaña nº 5;CALLE POETA ESTEBAN DE VILLEGAS 4
Instalación Deportiva Municipal Básica Polígono de las Rosas;4263.232235727883;Calle Fuencarral nº 108;CALLE HELSINKI 8 c/v Oslo
Instalación Deportiva Municipal Básica Polígono de África;1633.8924842506199;Calle San Bernardo nº 85;CALLE VILLAESCUSA 56
Instalación Deportiva Municipal Básica Polígono de África;1633.8924842506199;Plaza de San Miguel nº 9;CALLE VILLAESCUSA 56
Instalación Deportiva Municipal Básica Pradillo;600.2153258702816;Calle Marqués de la Ensenada nº 16;CALLE PRADILLO 23
Instalación Deportiva Municipal Básica Pradillo;600.2153258702816;Calle Fuencarral nº 108;CALLE PRADILLO 23
Instalación Deportiva Municipal Básica Pradillo;600.2153258702816;Calle Manuela Malasaña nº 5;CALLE PRADILLO 23
Instalación Deportiva Municipal Básica Puente Ventas;142.12969068945463;Calle Conde Duque nº 22;CALLE VIRGEN DE LA PAZ 7 y 9
Instalación Deportiva Municipal Básica Puerto Balbarán;1789.5948574059155;Plaza de Alonso Martínez nº 5;CALLE PUERTO DE BALBARAN 4
Instalación Deportiva Municipal Básica Puerto Balbarán;1789.5948574059155;Puerta del Sol nº 1;CALLE PUERTO DE BALBARAN 4
Instalación Deportiva Municipal Básica Puerto Corlite;1589.814218989211;Plaza de Alonso Martínez nº 5;CALLE PUERTO DE CORLITE 7
Instalación Deportiva Municipal Básica Puerto Corlite;1589.814218989211;Plaza del Conde del Valle de Súchil nº 3;CALLE PUERTO DE CORLITE 7
Instalación Deportiva Municipal Básica Puerto Monasterio (cubierta de P.A.R.);243.0412071561255;Puerta del Sol nº 1;CALLE PUERTO DEL MONASTERIO 17
Instalación Deportiva Municipal Básica Puerto Monasterio (cubierta de P.A.R.);243.0412071561255;Puerta del Sol nº 1;CALLE PUERTO DEL MONASTERIO 17
Instalación Deportiva Municipal Básica Puerto Monasterio (cubierta de P.A.R.);243.0412071561255;Calle Hortaleza nº 63;CALLE PUERTO DEL MONASTERIO 17
Instalación Deportiva Municipal Básica Puerto Monasterio (cubierta de P.A.R.);243.0412071561255;Puerta del Sol nº 1;CALLE PUERTO DEL MONASTERIO 17
Instalación Deportiva Municipal Básica Puerto Rico - C.D. Alzola;3046.9494265292033;Calle Miguel Moya nº 1;CALLE GAINZA 20
Instalación Deportiva Municipal Básica Puerto Velate;1564.7523936771454;Calle San Andrés nº 18;CALLE PUERTO DE VELATE 9
Instalación Deportiva Municipal Básica Pádel La Masó;3056.1475117750933;Calle Marqués de la Ensenada nº 16;CALLE LA MASO 34 c/v Collado de Cerro Malejo
Instalación Deportiva Municipal Básica Ramírez de Prado;214.82074151858612;Plaza de Alonso Martínez nº 5;CALLE RAMIREZ DE PRADO 2
Instalación Deportiva Municipal Básica Ramón Gómez de la Serna;3625.370182539158;Puerta del Sol nº 1;CALLE RAMON GOMEZ DE LA SERNA 22 c/v Valle de Pinares Llanos y Riscos de Polanco
Instalación Deportiva Municipal Básica Ramón Gómez de la Serna;3625.370182539158;Calle Miguel Moya nº 1;CALLE RAMON GOMEZ DE LA SERNA 22 c/v Valle de Pinares Llanos y Riscos de Polanco
Instalación Deportiva Municipal Básica Ramón Pérez de Ayala;696.5862449803494;Puerta del Sol nº 1;CALLE RAMON PEREZ DE AYALA 80
Instalación Deportiva Municipal Básica Ramón Pérez de Ayala;696.5862449803494;Puerta del Sol nº 1;CALLE RAMON PEREZ DE AYALA 80
Instalación Deportiva Municipal Básica Ricardo Damas;497.2211845652932;Plaza del Conde del Valle de Súchil nº 3;CALLE RICARDO DAMAS 4
Instalación Deportiva Municipal Básica Rodríguez Sahagún (Campo de Fútbol);1346.6679438429364;Calle San Andrés nº 18;PASEO DIRECCION 259
Instalación Deportiva Municipal Básica Rodríguez Sahagún I (Capitán Blanco Argibay);1505.2330774915786;Calle Manuela Malasaña nº 5;CALLE CAPITAN BLANCO ARGIBAY 173
Instalación Deportiva Municipal Básica Rodríguez Sahagún II (Los Pinos);1137.5447072871116;Calle Manuela Malasaña nº 5;PASEO DIRECCION 299
Instalación Deportiva Municipal Básica Rosa Jardón;1079.3882801943366;Calle Miguel Moya nº 1;CALLE ROSA JARDON 11
Instalación Deportiva Municipal Básica San Anselmo;1470.9084889045057;Calle Manuela Malasaña nº 5;CALLE SAN ANSELMO 8
Instalación Deportiva Municipal Básica San Benigno;1081.931426555385;Plaza de Alonso Martínez nº 5;CALLE SAN BENIGNO 3
Instalación Deportiva Municipal Básica San Cristóbal de Los Ángeles II;5098.254048218938;Calle Manuela Malasaña nº 5;CALLE GODELLA 48
Instalación Deportiva Municipal Básica San Cristóbal de Los Ángeles III;5520.3906148254355;Plaza de San Miguel nº 9;CALLE MONCADA 123
Instalación Deportiva Municipal Básica San Cristóbal de Los Ángeles III;5520.3906148254355;Puerta del Sol nº 1;CALLE MONCADA 123
Instalación Deportiva Municipal Básica San Juan Bautista - Cidamón;923.332568171197;Plaza de San Miguel nº 9;CALLE AGASTIA  esq. Cidamón
Instalación Deportiva Municipal Básica San Pascual;139.69963979995708;Puerta del Sol nº 1;CALLE ESTEBAN MORA S/N esq. Derechos Humanos
Instalación Deportiva Municipal Básica Sanchinarro II;3626.8446077104577;Calle Fuencarral nº 108;CALLE INFANTA CATALINA MICAELA 23
Instalación Deportiva Municipal Básica Sanchinarro II;3626.8446077104577;Calle San Bernardo nº 22;CALLE INFANTA CATALINA MICAELA 23
Instalación Deportiva Municipal Básica Sanchorreja;3199.5181108901807;Plaza del Conde del Valle de Súchil nº 3;CALLE SANCHORREJA 8
Instalación Deportiva Municipal Básica Sanchorreja;3199.5181108901807;Puerta del Sol nº 1;CALLE SANCHORREJA 8
Instalación Deportiva Municipal Básica Sanchorreja;3199.5181108901807;Calle Miguel Moya nº 1;CALLE SANCHORREJA 8
Instalación Deportiva Municipal Básica Santa Ana I;1648.405956443229;Calle Hortaleza nº 75;CALLE HOSPITALET DE LLOBREGAT 11 c/v Travesía Hospitalet de Llobregat
Instalación Deportiva Municipal Básica Santa Hortensia;208.57546653377563;Puerta del Sol nº 1;CALLE SANTA HORTENSIA 34
Instalación Deportiva Municipal Básica Santa Hortensia;208.57546653377563;Calle Conde Duque nº 22;CALLE SANTA HORTENSIA 34
Instalación Deportiva Municipal Básica Santa Marca;600.2153258702816;Plaza del Conde del Valle de Súchil nº 3;CALLE PRADILLO 23
Instalación Deportiva Municipal Básica Santa Marca;600.2153258702816;Calle Hortaleza nº 63;CALLE PRADILLO 23
Instalación Deportiva Municipal Básica Santa Rita;3591.8556471422517;Calle Hortaleza nº 63;CALLE ALBA DE TORMES 2
Instalación Deportiva Municipal Básica Santa Rita;3591.8556471422517;Calle Manuela Malasaña nº 5;CALLE ALBA DE TORMES 2
Instalación Deportiva Municipal Básica Santa Virgilia;3771.1328157710745;Calle Hortaleza nº 63;CALLE SANTA VIRGILIA 17
Instalación Deportiva Municipal Básica Santa Virgilia;3771.1328157710745;Calle San Bernardo nº 85;CALLE SANTA VIRGILIA 17
Instalación Deportiva Municipal Básica Santuario de Valverde (Montecarmenlo);3072.530848758686;Puerta del Sol nº 1;AVENIDA SANTUARIO DE VALVERDE 41
Instalación Deportiva Municipal Básica Santuario de Valverde (Montecarmenlo);3072.530848758686;Calle Manuela Malasaña nº 5;AVENIDA SANTUARIO DE VALVERDE 41
Instalación Deportiva Municipal Básica Sepúlveda;3258.3680095909754;Puerta del Sol nº 1;CALLE SEPULVEDA 220
Instalación Deportiva Municipal Básica Seseña;3500.247756789736;Calle Conde Duque nº 22;CALLE SESEÑA 2 c/v Calle Valmojado, 2
Instalación Deportiva Municipal Básica Seseña;3500.247756789736;Puerta del Sol nº 1;CALLE SESEÑA 2 c/v Calle Valmojado, 2
Instalación Deportiva Municipal Básica Seseña;3500.247756789736;Calle Miguel Moya nº 1;CALLE SESEÑA 2 c/v Calle Valmojado, 2
Instalación Deportiva Municipal Básica Talbot;2821.747564286692;Plaza de Alonso Martínez nº 5;CALLE TALBOT 3
Instalación Deportiva Municipal Básica Talbot;2821.747564286692;Puerta del Sol nº 1;CALLE TALBOT 3
Instalación Deportiva Municipal Básica Torrelaguna (La Colina);1191.7632369625048;Puerta del Sol nº 1;CALLE TORRELAGUNA  esq. Normas
Instalación Deportiva Municipal Básica Tres Olivos II;2229.4714700892705;Calle Marqués de la Ensenada nº 16;AVENIDA CAMPO DE CALATRAVA 3 c/v Alonso Quijano y Afueras a Valverde
Instalación Deportiva Municipal Básica Tres Olivos II;2229.4714700892705;Calle Marqués de la Ensenada nº 16;AVENIDA CAMPO DE CALATRAVA 3 c/v Alonso Quijano y Afueras a Valverde
Instalación Deportiva Municipal Básica Tribaldos I;2809.152968515437;Calle Manuela Malasaña nº 5;CALLE TRIBALDOS 37 junto a la iglesia
Instalación Deportiva Municipal Básica Tribaldos I;2809.152968515437;Calle Miguel Moya nº 1;CALLE TRIBALDOS 37 junto a la iglesia
Instalación Deportiva Municipal Básica Trinquete;2506.8790654659724;Plaza del Conde del Valle de Súchil nº 3;CALLE VELACHO BAJO 3
Instalación Deportiva Municipal Básica Valdebernardo;1804.2907587005348;Puerta del Sol nº 1;CALLE CORDEL DE PAVONES 9
Instalación Deportiva Municipal Básica Valdebernardo;1804.2907587005348;Plaza del Conde del Valle de Súchil nº 3;CALLE CORDEL DE PAVONES 9
Instalación Deportiva Municipal Básica Valderriba;4090.324167717831;Puerta del Sol nº 1;AVENIDA GRAN VIA DEL ESTE 14
Instalación Deportiva Municipal Básica Valderriba;4090.324167717831;Calle Fuencarral nº 108;AVENIDA GRAN VIA DEL ESTE 14
Instalación Deportiva Municipal Básica Valderriba;4090.324167717831;Plaza de Alonso Martínez nº 5;AVENIDA GRAN VIA DEL ESTE 14
Instalación Deportiva Municipal Básica Valderriba;4090.324167717831;Puerta del Sol nº 1;AVENIDA GRAN VIA DEL ESTE 14
Instalación Deportiva Municipal Básica Valdetorres;3051.26278781764;Calle Miguel Moya nº 1;CALLE VALDETORRES DE JARAMA 29 Estrecho Ormuz, 6
Instalación Deportiva Municipal Básica Valle Inclán;6412.776951625577;Calle Hortaleza nº 63;CALLE VALLE INCLAN 68
Instalación Deportiva Municipal Básica Via Lusitana;2673.2807668416835;Puerta del Sol nº 1;CALLE VIA LUSITANA 19 Parque Sur
Instalación Deportiva Municipal Básica Via Lusitana;2673.2807668416835;Plaza del Conde del Valle de Súchil nº 3;CALLE VIA LUSITANA 19 Parque Sur
Instalación Deportiva Municipal Básica Villa de Pons - Avenida de San Luis;2706.119678767744;Calle Manuela Malasaña nº 5;AVENIDA SAN LUIS 23
Instalación Deportiva Municipal Básica Villa de Pons - Avenida de San Luis;2706.119678767744;Calle Manuela Malasaña nº 5;AVENIDA SAN LUIS 23
Instalación Deportiva Municipal Básica Villabona;2755.140031588681;Calle Marqués de la Ensenada nº 16;CALLE VILLABONA 4
Instalación Deportiva Municipal Básica Villalonso;4462.555671035173;Puerta del Sol nº 1;CALLE VILLALONSO 8
Instalación Deportiva Municipal Básica Villalonso;4462.555671035173;Puerta del Sol nº 1;CALLE VILLALONSO 8
Instalación Deportiva Municipal Básica Villalonso;4462.555671035173;Calle Miguel Moya nº 1;CALLE VILLALONSO 8
Instalación Deportiva Municipal Básica Virgen del Cortijo - A.D. Oña Sanchinarro;2773.055200775958;Calle Miguel Moya nº 1;CALLE OÑA 18
Instalación Deportiva Municipal Básica Vital Aza;432.36053330241555;Calle San Bernardo nº 85;CALLE VITAL AZA  esq. Ezequiel Solana
Instalación Deportiva Municipal Básica Vital Aza;432.36053330241555;Calle Fuencarral nº 108;CALLE VITAL AZA  esq. Ezequiel Solana
Instalación Deportiva Municipal Básica Yeserías I;165.02058657669414;Calle Miguel Moya nº 1;PASEO YESERIAS 1
Instalación Deportiva Municipal Básica poblado de Santa Ana;1648.2414667735493;Puerta del Sol nº 1;CALLE Braille 15
Instalación Deportiva Municipal Básica poblado de Santa Ana;1648.2414667735493;Calle Manuela Malasaña nº 5;CALLE Braille 15
Instalación Deportiva Municipal Canal de Remo Puente de la Princesa;333.15924203325744;Plaza del Conde del Valle de Súchil nº 3;PASARELA SUR DEL PUENTE DE LA PRINCESA 
Instalación Deportiva Municipal Embajadores M-30;758.7350658849465;Calle Fuencarral nº 108;CALLE PUERTO DE LA CRUZ VERDE 29
Instalación Deportiva Municipal Embajadores M-30;758.7350658849465;Calle Hortaleza nº 63;CALLE PUERTO DE LA CRUZ VERDE 29
Instalación Deportiva Municipal Nave de Terneras;124.43624384924756;Plaza del Conde del Valle de Súchil nº 3;PASEO CHOPERA 10
Instalación Deportiva Municipal Parque Calle Vado;549.5591783965951;Puerta del Sol nº 1;CALLE ANTONIO LOPEZ C/V CALLE VADO 189 c/v Vado
Instalación Deportiva Municipal Parque Lineal del Manzanares - Victoriano González;1918.1835698493314;Calle Hortaleza nº 75;CALLE EMBAJADORES 324
Instalación Deportiva Municipal Parque Lineal del Manzanares - Victoriano González;1918.1835698493314;Plaza del Conde del Valle de Súchil nº 3;CALLE EMBAJADORES 324
Instalación Deportiva Municipal Puente de Praga;147.1950067154345;Calle Manuela Malasaña nº 5;AVENIDA MANZANARES 176
Instalación Deportiva Municipal Puente de Praga;147.1950067154345;Calle Hortaleza nº 75;AVENIDA MANZANARES 176
Instalación Deportiva Municipal Puente de Praga;147.1950067154345;Puerta del Sol nº 1;AVENIDA MANZANARES 176
Instalación Deportiva Municipal Puente de Praga;147.1950067154345;Puerta del Sol nº 1;AVENIDA MANZANARES 176
Instalación Deportiva Municipal Puente de Praga;147.1950067154345;Calle Miguel Moya nº 1;AVENIDA MANZANARES 176
Parque Lineal UZI 0.06 Arroyofresno;4032.665527923143;Calle Hortaleza nº 63;CALLE MARIA DE MAEZTU 1
Pista de petanca Centro de Mayores La Vaguada;2159.0055420621243;Puerta del Sol nº 1;AVENIDA MONFORTE DE LEMOS 36
